<?xml version="1.0" encoding="UTF-8"?>
<beans xmlns="http://www.springframework.org/schema/beans" xmlns:xsi="http://www.w3.org/2001/XMLSchema-instance"
    xmlns:p="http://www.springframework.org/schema/p" xmlns:context="http://www.springframework.org/schema/context"
    xmlns:oxm="http://www.springframework.org/schema/oxm" xmlns:aop="http://www.springframework.org/schema/aop"
    xmlns:tx="http://www.springframework.org/schema/tx" xmlns:camel="http://camel.apache.org/schema/spring"
    xsi:schemaLocation="http://www.springframework.org/schema/beans http://www.springframework.org/schema/beans/spring-beans-3.0.xsd
       http://www.springframework.org/schema/context http://www.springframework.org/schema/context/spring-context-3.0.xsd
       http://www.springframework.org/schema/oxm http://www.springframework.org/schema/oxm/spring-oxm-3.0.xsd
       http://www.springframework.org/schema/tx http://www.springframework.org/schema/tx/spring-tx-3.0.xsd
       http://www.springframework.org/schema/aop http://www.springframework.org/schema/aop/spring-aop-3.0.xsd
       http://camel.apache.org/schema/spring http://camel.apache.org/schema/spring/camel-spring.xsd
       ">
    
    <context:property-placeholder properties-ref="workerProperties" ignore-unresolvable="true" system-properties-mode="OVERRIDE"/>
    
    <context:component-scan base-package="au.org.intersect.dms.wn" />

    <bean id="cacheWrapper" class="au.org.intersect.dms.wn.impl.ActiveConnectionsCache">
        <constructor-arg>
            <ref bean="activeConnectionsCache"/>
        </constructor-arg>
    </bean>
    
    <bean id="activeConnectionsCache" class="org.springframework.cache.ehcache.EhCacheFactoryBean">
        <property name="cacheManager" ref="cacheManager"/>
        <property name="cacheName" value="worker_connections" />
        <property name="maxElementsInMemory" value="${activeConnectionsCache.maxElementsInMemory}"/>
        <property name="timeToIdle" value="${activeConnectionsCache.timeToIdleSeconds}"/>
        <!-- we don't want eternal objects; so a TTL of 1 day is probably ok -->
        <property name="timeToLive" value="86400" />
        <property name="clearOnFlush" value="false" />
        <property name="overflowToDisk" value="false"/>
    </bean>
    
    <bean id="cacheManager" class="org.springframework.cache.ehcache.EhCacheManagerFactoryBean" />

</beans>