<?xml version="1.0" encoding="UTF-8" standalone="no"?>
<beans xmlns="http://www.springframework.org/schema/beans"
	xmlns:camel="http://camel.apache.org/schema/spring"
	xmlns:context="http://www.springframework.org/schema/context"
	xmlns:p="http://www.springframework.org/schema/p"
	xmlns:tx="http://www.springframework.org/schema/tx"
	xmlns:xsi="http://www.w3.org/2001/XMLSchema-instance"
	xmlns:cxf="http://camel.apache.org/schema/cxf"
	xmlns:http="http://cxf.apache.org/transports/http/configuration"
	xmlns:sec="http://cxf.apache.org/configuration/security"
	xmlns:util="http://www.springframework.org/schema/util"
	xsi:schemaLocation="http://www.springframework.org/schema/beans http://www.springframework.org/schema/beans/spring-beans-3.0.xsd
            http://www.springframework.org/schema/context http://www.springframework.org/schema/context/spring-context-3.0.xsd
            http://www.springframework.org/schema/tx http://www.springframework.org/schema/tx/spring-tx-3.0.xsd
            http://www.springframework.org/schema/aop http://www.springframework.org/schema/aop/spring-aop-3.0.xsd        
            http://camel.apache.org/schema/spring http://camel.apache.org/schema/spring/camel-spring.xsd
            http://camel.apache.org/schema/cxf http://camel.apache.org/schema/cxf/camel-cxf.xsd
            http://cxf.apache.org/transports/http/configuration http://cxf.apache.org/schemas/configuration/http-conf.xsd
            http://cxf.apache.org/configuration/security http://cxf.apache.org/schemas/configuration/security.xsd
            http://www.springframework.org/schema/util http://www.springframework.org/schema/util/spring-util-3.0.xsd
            ">

    <context:property-placeholder properties-ref="workerProperties" ignore-unresolvable="true" system-properties-mode="OVERRIDE"/>
    <util:properties id="workerProperties" location="file://${dms.config.home}/worker.properties" />

	<!-- CAMEL -->

	<bean class="org.apache.activemq.pool.PooledConnectionFactory" id="activemqConnectionPool">
		<constructor-arg>
			<bean class="org.apache.activemq.ActiveMQConnectionFactory">
				<constructor-arg index="0" value="${dms.broker.username}" />
				<constructor-arg index="1" value="${dms.broker.password}" />
				<constructor-arg index="2" value="${dms.broker.url}" />
			</bean>
		</constructor-arg>
	</bean>
	
	<bean class="org.apache.camel.component.jms.JmsComponent" id="serviceJMS">
		<property name="connectionFactory" ref="activemqConnectionPool" />
	</bean>
	
	<camel:camelContext id="workerClientCamelContext">
	    <camel:proxy id="workerProxy" serviceInterface="au.org.intersect.dms.core.service.WorkerNode" serviceUrl="direct:worker"/>
	    <camel:endpoint id="workerQueue" uri="activemq:${dms.wn.queue}"/>
        <camel:route>
            <camel:from uri="direct:worker"/>
            <camel:threads poolSize="10">
                <camel:to ref="workerQueue"/>
            </camel:threads>
        </camel:route>
	</camel:camelContext>
	
</beans>
