<!-- Licensed to the Apache Software Foundation (ASF) under one or more contributor 
	license agreements. See the NOTICE file distributed with this work for additional 
	information regarding copyright ownership. The ASF licenses this file to 
	You under the Apache License, Version 2.0 (the "License"); you may not use 
	this file except in compliance with the License. You may obtain a copy of 
	the License at http://www.apache.org/licenses/LICENSE-2.0 Unless required 
	by applicable law or agreed to in writing, software distributed under the 
	License is distributed on an "AS IS" BASIS, WITHOUT WARRANTIES OR CONDITIONS 
	OF ANY KIND, either express or implied. See the License for the specific 
	language governing permissions and limitations under the License. -->
<beans xmlns="http://www.springframework.org/schema/beans"
	xmlns:amq="http://activemq.apache.org/schema/core" xmlns:xsi="http://www.w3.org/2001/XMLSchema-instance"
	xsi:schemaLocation="http://www.springframework.org/schema/beans http://www.springframework.org/schema/beans/spring-beans-2.0.xsd
  http://activemq.apache.org/schema/core http://activemq.apache.org/schema/core/activemq-core.xsd">

	<!-- Allows us to use system properties as variables in this configuration 
		file -->
	<bean
		class="org.springframework.beans.factory.config.PropertyPlaceholderConfigurer">
		<property name="locations">
			<value>file:_CREDENTIALS_LOCATION_/activemq.properties</value>
		</property>
	</bean>

	<!-- The <broker> element is used to configure the ActiveMQ broker. -->
	<broker xmlns="http://activemq.apache.org/schema/core"
		brokerName="_BROKER_NAME_" dataDirectory="${activemq.base}/data"
		schedulerSupport="false">

		<!-- For better performances use VM cursor and small memory limit. For 
			more information, see: http://activemq.apache.org/message-cursors.html Also, 
			if your producer is "hanging", it's probably due to producer flow control. 
			For more information, see: http://activemq.apache.org/producer-flow-control.html -->

		<destinationPolicy>
			<policyMap>
				<policyEntries>
					<policyEntry topic=">" producerFlowControl="true"
						memoryLimit="1mb">
						<pendingSubscriberPolicy>
							<vmCursor />
						</pendingSubscriberPolicy>
					</policyEntry>
					<policyEntry queue=">" producerFlowControl="true"
						memoryLimit="1mb">
						<pendingQueuePolicy>
							<vmQueueCursor />
						</pendingQueuePolicy>
					</policyEntry>
				</policyEntries>
			</policyMap>
		</destinationPolicy>


		<!-- The managementContext is used to configure how ActiveMQ is exposed 
			in JMX. By default, ActiveMQ uses the MBean server that is started by the 
			JVM. For more information, see: http://activemq.apache.org/jmx.html -->
		<managementContext>
			<managementContext createConnector="false" />
		</managementContext>
		
		_INTERNAL_START_
        <networkConnectors>
            <networkConnector uri="static:(tcp://_MAIN_SERVER_:61616)" duplex="true" name="bridge_2_1" userName="${activemq.username}" password="${activemq.password}"/>
        </networkConnectors>
		_INTERNAL_END_
		
		<!-- Configure message persistence for the broker. The default persistence 
			mechanism is the KahaDB store (identified by the kahaDB tag). For more information, 
			see: http://activemq.apache.org/persistence.html -->
		<persistenceAdapter>
			<kahaDB directory="${activemq.base}/data/kahadb" />
		</persistenceAdapter>

		<plugins>
			<simpleAuthenticationPlugin>
				<users>
					<authenticationUser username="${activemq.username}"
						password="${activemq.password}" groups="admins" />
				</users>
			</simpleAuthenticationPlugin>

			<!-- lets configure a destination based authorization mechanism -->
			<authorizationPlugin>
				<map>
					<authorizationMap>
						<authorizationEntries>
							<authorizationEntry queue=">" read="admins"
								write="admins" admin="admins" />
							<authorizationEntry queue="wn.>" read="admins"
								write="admins" admin="admins" />
							 <authorizationEntry topic="ActiveMQ.Advisory.>" read="admins" write="admins" admin="admins"/>
						</authorizationEntries>
						<tempDestinationAuthorizationEntry>
							<tempDestinationAuthorizationEntry
								read="admins" write="admins" admin="admins" />
						</tempDestinationAuthorizationEntry>
					</authorizationMap>
				</map>
			</authorizationPlugin>
		</plugins>
		
		<systemUsage>
			<systemUsage sendFailIfNoSpaceAfterTimeout="3000">
				<memoryUsage>
					<memoryUsage limit="50 mb" />
				</memoryUsage>
				<storeUsage>
					<storeUsage limit="10 gb" />
				</storeUsage>
				<tempUsage>
					<tempUsage limit="1 gb" />
				</tempUsage>
			</systemUsage>
		</systemUsage>

		<!-- The transport connectors expose ActiveMQ over a given protocol to 
			clients and other brokers. For more information, see: http://activemq.apache.org/configuring-transports.html -->
		<transportConnectors>
			<transportConnector name="openwire" uri="tcp://0.0.0.0:61616" />
		</transportConnectors>

	</broker>

	<!-- Enable web consoles, REST and Ajax APIs and demos It also includes 
		Camel (with its web console), see ${ACTIVEMQ_HOME}/conf/camel.xml for more 
		info Take a look at ${ACTIVEMQ_HOME}/conf/jetty.xml for more details -->
	<import resource="jetty.xml" />


</beans>
