<?xml version="1.0" encoding="UTF-8" standalone="no"?>
<beans xmlns="http://www.springframework.org/schema/beans"
	xmlns:aop="http://www.springframework.org/schema/aop" xmlns:context="http://www.springframework.org/schema/context"
	xmlns:jee="http://www.springframework.org/schema/jee" xmlns:oxm="http://www.springframework.org/schema/oxm"
	xmlns:p="http://www.springframework.org/schema/p" xmlns:tx="http://www.springframework.org/schema/tx"
	xmlns:util="http://www.springframework.org/schema/util" 
    xmlns:camel="http://camel.apache.org/schema/spring"
    xmlns:xsi="http://www.w3.org/2001/XMLSchema-instance"
	xsi:schemaLocation="http://www.springframework.org/schema/aop http://www.springframework.org/schema/aop/spring-aop-3.0.xsd  
                        http://www.springframework.org/schema/beans http://www.springframework.org/schema/beans/spring-beans-3.0.xsd  
                        http://www.springframework.org/schema/context http://www.springframework.org/schema/context/spring-context-3.0.xsd  
                        http://www.springframework.org/schema/jee http://www.springframework.org/schema/jee/spring-jee-3.0.xsd  
                        http://www.springframework.org/schema/tx http://www.springframework.org/schema/tx/spring-tx-3.0.xsd  
                        http://www.springframework.org/schema/oxm http://www.springframework.org/schema/oxm/spring-oxm-1.5.xsd
                        http://camel.apache.org/schema/spring http://camel.apache.org/schema/spring/camel-spring.xsd  
                        http://www.springframework.org/schema/util http://www.springframework.org/schema/util/spring-util-3.0.xsd">

	<context:property-placeholder
		properties-ref="dmsProperties" ignore-unresolvable="true" />

	<util:properties id="dmsProperties"
		location="file://${dms.config.home}/dms.properties" />
	
    <!-- CAMEL -->
    
    <camel:camelContext id="webCamelContext">
        <camel:route>
            <camel:from uri="activemq:dms.atomProbeService"/>
            <camel:to uri="bean:atomProbeService"/>
        </camel:route>
        <camel:route>
            <camel:from uri="activemq:dms.configurationService"/>
            <camel:to uri="bean:configurationService"/>
        </camel:route>
    </camel:camelContext>
        	
	<!-- JPA -->

	<context:spring-configured />
	
	<context:annotation-config />

	<context:component-scan base-package="au.org.intersect.dms.webapp.domain">
		<context:exclude-filter expression=".*_Roo_.*"
			type="regex" />
	</context:component-scan>

	<tx:annotation-driven mode="aspectj"
		transaction-manager="webTM" />
		
	<bean class="org.springframework.orm.jpa.JpaTransactionManager" id="webTM">
		<property name="entityManagerFactory" ref="webEMF"/>
		<qualifier value="web" />
	</bean>		

	<bean class="org.springframework.orm.jpa.LocalContainerEntityManagerFactoryBean" id="webEMF">
		<property name="dataSource" ref="webDS"/>
		<property name="persistenceXmlLocation"
			value="classpath*:META-INF/persistence-web.xml" />
		<property name="persistenceUnitName" value="webPU" />
		<property name="jpaVendorAdapter">
			<bean class="org.springframework.orm.jpa.vendor.HibernateJpaVendorAdapter">
				<property name="databasePlatform" value="org.hibernate.dialect.MySQL5InnoDBDialect" />
				<property name="showSql" value="false" />
				<property name="generateDdl" value="true" />
			</bean>
		</property>
		<property name="jpaProperties">
			<props>
				<prop key="hibernate.ejb.naming_strategy">org.hibernate.cfg.ImprovedNamingStrategy</prop>
			</props>
		</property>
	</bean>
	
	<bean class="com.mchange.v2.c3p0.ComboPooledDataSource" id="webDS">
		<property name="driverClass" value="${database.driverClassName}" />
		<property name="jdbcUrl" value="${database.url}" />
		<property name="user" value="${database.username}" />
		<property name="password" value="${database.password}" />
		<property name="idleConnectionTestPeriod" value="${c3p0.idleConnectionTestPeriod}" />
		<property name="maxIdleTime" value="${c3p0.maxIdleTime}" />
        <property name="preferredTestQuery" value="SELECT 1"/>
	</bean>

	<!-- Resolves localized messages*.properties and application.properties 
		files in the application to allow for internationalization. The messages*.properties 
		files translate Roo generated messages which are part of the admin interface, 
		the application.properties resource bundle localizes all application specific 
		messages such as entity names and menu items. -->
	<bean
		class="org.springframework.context.support.ReloadableResourceBundleMessageSource"
		id="messageSource"
		p:basenames="WEB-INF/i18n/messages,WEB-INF/i18n/application,WEB-INF/classes/revision,file://${dms.config.home}/dms"
		p:fallbackToSystemLocale="false" />

	<bean class="org.springframework.context.support.MessageSourceAccessor"
		id="messages">
		<constructor-arg ref="messageSource" />
	</bean>

	<bean class="au.org.intersect.dms.webapp.impl.SecurityContextFacadeImpl"
		id="securityContextFacade" />

	<bean id="advancedSearchPropertiesBuilder"
		class="au.org.intersect.dms.webapp.controller.AdvancedSearchPropertiesBuilder">
		<property name="mapping">
			<util:map key-type="au.org.intersect.dms.core.catalogue.MetadataSchema">
				<entry key="RIF_CS" value="classpath:META-INF/rif-cs/rif_cs-mapping.xml" />
				<entry key="MICRO_CT" value="classpath:META-INF/micro_ct/micro_ct-mapping.xml" />
				<entry key="ATOM_PROBE"
					value="classpath:META-INF/atom_probe/atom_probe-mapping.xml" />
                <entry key="OLYMPUS_FV1000" value="classpath:META-INF/olympus_fv1000/olympus_fv1000-mapping.xml" />
			    <entry key="OLYMPUS_CELL_R" value="classpath:META-INF/olympus_cell_r/olympus_cell_r-mapping.xml" />
   			    <entry key="OLYMPUS_TIRF" value="classpath:META-INF/olympus_tirf/olympus_tirf-mapping.xml" />
			</util:map>
		</property>
	</bean>
    
    <bean id="atomProbeService" class="au.org.intersect.dms.webapp.impl.AtomProbeServiceImpl"/>
    
    <bean id="configurationService" class="au.org.intersect.dms.webapp.impl.ConfigurationServiceImpl"/>
    
    <bean id="publicAgent" class="au.org.intersect.dms.encrypt.impl.PublicEncryptAgent">
	    <constructor-arg value="${dms.webapp.key.filename}"/>
	</bean> 

</beans>
