<?xml version="1.0" encoding="UTF-8"?>
<beans:beans xmlns="http://www.springframework.org/schema/security"
    xmlns:beans="http://www.springframework.org/schema/beans"
    xmlns:xsi="http://www.w3.org/2001/XMLSchema-instance"
    xmlns:oxm="http://www.springframework.org/schema/oxm" 
    xmlns:context="http://www.springframework.org/schema/context"
    xsi:schemaLocation="http://www.springframework.org/schema/beans http://www.springframework.org/schema/beans/spring-beans-3.0.xsd
                        http://www.springframework.org/schema/security http://www.springframework.org/schema/security/spring-security-3.0.xsd
                        http://www.springframework.org/schema/oxm http://www.springframework.org/schema/oxm/spring-oxm-3.0.xsd
                        http://www.springframework.org/schema/context http://www.springframework.org/schema/context/spring-context-3.0.xsd">

	<!-- HTTP security configurations -->
    <http auto-config="true" use-expressions="true" entry-point-ref="authenticationProcessingFilterEntryPoint">
    	<form-login login-processing-url="/j_spring_security_check" login-page="/login" 
    		authentication-failure-handler-ref="dmsAuthenticationFailureHandler" authentication-success-handler-ref="dmsAuthenticationSuccessHandler"/>
        <logout logout-url="/j_spring_security_logout"/>
        
        <!-- Configure these elements to secure URIs in your application -->
        <intercept-url pattern="/resources/**" filters="none" />
        <intercept-url pattern="/j_spring_security_check" access="permitAll" />
        <intercept-url pattern="/j_spring_security_logout" access="permitAll" />
        <intercept-url pattern="/login*" access="permitAll" />
        <intercept-url pattern="/metadata/**" access="permitAll" />
        <intercept-url pattern="/admin/**" access="hasRole('ROLE_ADMIN')"/>
        <intercept-url pattern="/**" access="isAuthenticated()" />
    </http>
    
    <authentication-manager alias="authenticationManager">
    	<authentication-provider ref="bookingSystemLoginProvider"/>
    </authentication-manager>
    
    <beans:bean id="authenticationProcessingFilterEntryPoint" class="au.org.intersect.dms.webapp.impl.AjaxAwareAuthenticationEntryPoint">
        <beans:property name="loginFormUrl" value="/login"/>
    </beans:bean>
    
	<beans:bean id="dmsAuthenticationFailureHandler" class="au.org.intersect.dms.webapp.DmsAuthenticationFailureHandler">
		<beans:property name="defaultFailureUrl" value="/login?login_error=t"/>
	</beans:bean>
	
	<beans:bean id="dmsAuthenticationSuccessHandler" class="au.org.intersect.dms.webapp.DmsAuthenticationSuccessHandler">
		<beans:property name="defaultTargetUrl" value="/home/index"/>
	</beans:bean>
	
	<beans:bean id="bookingSystemLoginProvider" class="au.org.intersect.dms.webapp.impl.BookingSystemGatewayImpl" />
	
</beans:beans>