<assembly
	xmlns="http://maven.apache.org/plugins/maven-assembly-plugin/assembly/1.1.0"
	xmlns:xsi="http://www.w3.org/2001/XMLSchema-instance"
	xsi:schemaLocation="http://maven.apache.org/plugins/maven-assembly-plugin/assembly/1.1.0 http://maven.apache.org/xsd/assembly-1.1.0.xsd">
	<id>with-dependencies</id>
	<formats>
		<format>zip</format>
	</formats>
	<includeBaseDirectory>false</includeBaseDirectory>
	<dependencySets>
		<dependencySet>
			<outputDirectory>/${pom.artifactId}-${pom.version}/lib</outputDirectory>
			<useProjectArtifact>true</useProjectArtifact>
			<unpack>false</unpack>
			<scope>runtime</scope>
			<useTransitiveDependencies>false</useTransitiveDependencies>
		</dependencySet>
	</dependencySets>
	<fileSets>
		<fileSet>
			<directory>src/main/resources</directory>
			<outputDirectory>/${pom.artifactId}-${pom.version}</outputDirectory>
		</fileSet>
	</fileSets>
	<files>
		<file>
			<source>src/main/bin/install</source>
			<outputDirectory>/${pom.artifactId}-${pom.version}/</outputDirectory>
		</file>
		<file>
			<source>src/main/bin/copy-properties</source>
			<outputDirectory>/${pom.artifactId}-${pom.version}/</outputDirectory>
		</file>
		<file>
			<source>src/main/bin/check-properties</source>
			<outputDirectory>/${pom.artifactId}-${pom.version}/</outputDirectory>
		</file>
	</files>
</assembly>
