<?xml version="1.0" encoding="UTF-8"?>
<mapping>
	<property xml-field="System/Scanner" index-field="microct_scanner_tws" display-name="Instrument name" type="text" />
	<property xml-field="System/Instrument S/N" index-field="microct_instrument_sn_i" display-name="Instrument serial number" type="number" />
	<property xml-field="Acquisition/Filename Prefix" index-field="microct_filename_prefix_tws" display-name="Filename prefix" type="text" />
	<property xml-field="Acquisition/Number of Files" index-field="microct_files_number_i" display-name="Number of files" type="number" />
	<property xml-field="Acquisition/Source Voltage (kV)" index-field="microct_source_voltage_i" display-name="Source voltage (kV)" type="number" />
	<property xml-field="Acquisition/Source Current (uA)" index-field="microct_source_current_i" display-name="Source current (uA)" type="number" />
	<property xml-field="Acquisition/Number of Rows" index-field="microct_rows_number_i" display-name="Number of rows" type="number" />
	<property xml-field="Acquisition/Number of Columns" index-field="microct_columns_number_i" display-name="Number of columns" type="number" />
	<property xml-field="Acquisition/Number of connected scans" index-field="microct_connected_scans_number_i" display-name="Number of connected scans" type="number" />
	<property xml-field="Acquisition/Image Pixel Size (um)" index-field="microct_acquisition_pixel_size_d" display-name="Acquisition image pixel size (um)" type="number" />
	<property xml-field="Acquisition/Filter" index-field="microct_filter_tws" display-name="Filter" type="text" />
	<property xml-field="Acquisition/Image Format" index-field="microct_image_format_tws" display-name="Image format" type="text" />
	<property xml-field="Acquisition/Depth (bits)" index-field="microct_depth_i" display-name="Depth (bits)" type="number" />
	<property xml-field="Acquisition/Exposure (ms)" index-field="microct_exposure_i" display-name="Exposure (ms)" type="number" />
	<property xml-field="Acquisition/Use 360 Rotation" index-field="microct_360_rotation_b" display-name="Use 360 rotation" type="boolean" />
	<property xml-field="Acquisition/Study Date and Time" index-field="microct_study_date_dt" display-name="Study date" type="date" />
	<property xml-field="Reconstruction/Dataset Prefix" index-field="microct_dataset_prefix_tws" display-name="Dataset prefix" type="text" />
	<property xml-field="Reconstruction/Time and Date" index-field="microct_reconstruction_date_dt" display-name="Reconstruction date" type="date" />
	<property xml-field="Reconstruction/Image Pixel Size (um)" index-field="microct_reconstruction_pixel_size_i" display-name="Reconstruction image pixel size (um)" type="number" />
	<property xml-field="Reconstruction/Beam Hardening Correction (%)" index-field="microct_beam_hardening_correction_i" display-name="Beam hardening correction (%)" type="number" />
</mapping>