<?xml version="1.0" encoding="UTF-8" standalone="no"?>
<beans xmlns="http://www.springframework.org/schema/beans"
	xmlns:aop="http://www.springframework.org/schema/aop" xmlns:context="http://www.springframework.org/schema/context"
	xmlns:jee="http://www.springframework.org/schema/jee" xmlns:tx="http://www.springframework.org/schema/tx"
	xmlns:oxm="http://www.springframework.org/schema/oxm"
	xmlns:xsi="http://www.w3.org/2001/XMLSchema-instance"
	xmlns:util="http://www.springframework.org/schema/util"
	xmlns:p="http://www.springframework.org/schema/p"
	xsi:schemaLocation="
	http://www.springframework.org/schema/aop http://www.springframework.org/schema/aop/spring-aop-3.0.xsd
	http://www.springframework.org/schema/beans http://www.springframework.org/schema/beans/spring-beans-3.0.xsd
	http://www.springframework.org/schema/context http://www.springframework.org/schema/context/spring-context-3.0.xsd
	http://www.springframework.org/schema/jee http://www.springframework.org/schema/jee/spring-jee-3.0.xsd
	http://www.springframework.org/schema/tx http://www.springframework.org/schema/tx/spring-tx-3.0.xsd
	http://www.springframework.org/schema/oxm http://www.springframework.org/schema/oxm/spring-oxm-1.5.xsd
	http://www.springframework.org/schema/util http://www.springframework.org/schema/util/spring-util-3.0.xsd">
	
	<!--
		This will automatically locate any and all property files you have
		within your classpath, provided they fall under the META-INF/spring
		directory. The located property files are parsed and their values can
		then be used within application context files in the form of
		${propertyKey}.
	-->
	
	<context:property-placeholder
		properties-ref="tunnelProperties" />
		
	<util:properties location="file://${dms.config.home}/tunnel.properties" id="tunnelProperties" />
		
	<!--
		Turn on AspectJ @Configurable support. As a result, any time you
		instantiate an object, Spring will attempt to perform dependency
		injection on that object. This occurs for instantiation via the "new"
		keyword, as well as via reflection. This is possible because AspectJ
		is used to "weave" Roo-based applications at compile time. In effect
		this feature allows dependency injection of any object at all in your
		system, which is a very useful feature (without @Configurable you'd
		only be able to dependency inject objects acquired from Spring or
		subsequently presented to a specific Spring dependency injection
		method). Roo applications use this useful feature in a number of
		areas, such as @PersistenceContext injection into entities.
	-->
	<context:spring-configured />
	
	<!-- use annotations to configure objects -->
	<context:annotation-config/>
	
	<bean id="privAgent" class="au.org.intersect.dms.encrypt.impl.PrivateDecryptAgent">
	    <constructor-arg value="${dms.tunnel.key.filename}"/>
	</bean>
	
	<bean id="privApplet" class="au.org.intersect.dms.encrypt.impl.PrivateDecryptAgent">
	    <constructor-arg value="${dms.tunnel.appletKey.filename}"/>
	</bean>	
	
</beans>
