<?xml version="1.0" encoding="UTF-8" standalone="no"?>
<beans xmlns="http://www.springframework.org/schema/beans"
	xmlns:context="http://www.springframework.org/schema/context"
	xmlns:util="http://www.springframework.org/schema/util"
	xmlns:tx="http://www.springframework.org/schema/tx"
	xmlns:xsi="http://www.w3.org/2001/XMLSchema-instance"
	xmlns:oxm="http://www.springframework.org/schema/oxm"
	xmlns:camel="http://camel.apache.org/schema/spring"
	xmlns:task="http://www.springframework.org/schema/task" 
	xsi:schemaLocation="http://www.springframework.org/schema/beans http://www.springframework.org/schema/beans/spring-beans-3.0.xsd
	        http://www.springframework.org/schema/context http://www.springframework.org/schema/context/spring-context-3.0.xsd
	        http://www.springframework.org/schema/tx http://www.springframework.org/schema/tx/spring-tx-3.0.xsd
            http://www.springframework.org/schema/util http://www.springframework.org/schema/util/spring-util-3.0.xsd
            http://www.springframework.org/schema/oxm http://www.springframework.org/schema/oxm/spring-oxm-3.0.xsd
            http://camel.apache.org/schema/spring http://camel.apache.org/schema/spring/camel-spring.xsd
            http://www.springframework.org/schema/task http://www.springframework.org/schema/task/spring-task-3.0.xsd
            ">

	<context:property-placeholder  ignore-unresolvable="true"
		properties-ref="catalogueProperties" />

	<util:properties id="catalogueProperties"
		location="file://${dms.config.home}/dms.properties" />

	<!-- BASIC JPA -->

	<context:spring-configured />

	<context:annotation-config />

	<context:component-scan base-package="au.org.intersect.dms.catalogue">
		<context:exclude-filter expression=".*_Roo_.*"
			type="regex" />
	</context:component-scan>

	<tx:annotation-driven mode="aspectj"
		transaction-manager="catalogueTM" />

	<bean class="org.springframework.orm.jpa.JpaTransactionManager" id="catalogueTM">
		<property name="entityManagerFactory" ref="catalogueEMF"/>
		<qualifier value="catalogue" />
	</bean>
	
	<bean class="org.springframework.orm.jpa.LocalContainerEntityManagerFactoryBean" id="catalogueEMF">
		<property name="dataSource" ref="catalogueDS"/>
		<property name="persistenceXmlLocation"
			value="classpath*:META-INF/persistence-catalogue.xml" />
		<property name="persistenceUnitName" value="cataloguePU" />
		<property name="jpaVendorAdapter">
			<bean class="org.springframework.orm.jpa.vendor.HibernateJpaVendorAdapter">
				<property name="databasePlatform" value="org.hibernate.dialect.MySQL5InnoDBDialect" />
				<property name="showSql" value="false" />
				<property name="generateDdl" value="true" />
			</bean>
		</property>
		<property name="jpaProperties">
			<props>
				<prop key="hibernate.ejb.naming_strategy">org.hibernate.cfg.ImprovedNamingStrategy</prop>
			</props>
		</property>
	</bean>
	
	<bean class="com.mchange.v2.c3p0.ComboPooledDataSource" id="catalogueDS">
        <property name="driverClass" value="${database.driverClassName}"/>
        <property name="jdbcUrl" value="${database.url}"/>
        <property name="user" value="${database.username}"/>
        <property name="password" value="${database.password}"/>
        <property name="idleConnectionTestPeriod" value="${c3p0.idleConnectionTestPeriod}"/>
        <property name="maxIdleTime" value="${c3p0.maxIdleTime}"/>
        <property name="preferredTestQuery" value="SELECT 1"/>
    </bean>
    
	<!-- CAMEL -->
		
	<camel:camelContext id="catalogueCamelContext">
		<camel:packageScan>
			<camel:package>au.org.intersect.dms.integration</camel:package>
		</camel:packageScan>
	    <camel:template id="catalogueProducerTemplate"/>
	</camel:camelContext>

	<bean id="metadataConverter" class="au.org.intersect.dms.catalogue.MetadataXmlConverter">
		<property name="mapping">
			<util:map>
				<entry key="RIF_CS">
					<util:map>
						<entry key="HTML" value="xslt:META-INF/rif-cs/RIFCS-to-DIV.xslt"/>
						<entry key="INDEX" value="xslt:META-INF/rif-cs/RIFCS-to-index.xslt"/>
					</util:map>
				</entry>
				<entry key="MICRO_CT">
					<util:map>
						<entry key="HTML" value="xslt:META-INF/micro_ct/MICRO_CT-to-DIV.xslt"/>
						<entry key="INDEX" value="xslt:META-INF/micro_ct/MICRO_CT-to-index.xslt"/>
					</util:map>
				</entry>
				<entry key="ATOM_PROBE">
					<util:map>
						<entry key="HTML" value="xslt:META-INF/atom_probe/ATOM_PROBE-to-DIV.xslt"/>
						<entry key="INDEX" value="xslt:META-INF/atom_probe/ATOM_PROBE-to-index.xslt"/>
					</util:map>
				</entry>
                <entry key="OLYMPUS_FV1000">
                    <util:map>
                        <entry key="HTML" value="xslt:META-INF/olympus_fv1000/OLYMPUS_FV1000-to-DIV.xslt"/>
                        <entry key="INDEX" value="xslt:META-INF/olympus_fv1000/OLYMPUS_FV1000-to-index.xslt"/>
                    </util:map>
                </entry>
                <entry key="OLYMPUS_CELL_R">
                    <util:map>
                        <entry key="HTML" value="xslt:META-INF/olympus_cell_r/OLYMPUS_CELL_R-to-DIV.xslt"/>
                        <entry key="INDEX" value="xslt:META-INF/olympus_cell_r/OLYMPUS_CELL_R-to-index.xslt"/>
                    </util:map>
                </entry>
                <entry key="OLYMPUS_TIRF">
                    <util:map>
                        <entry key="HTML" value="xslt:META-INF/olympus_tirf/OLYMPUS_TIRF-to-DIV.xslt"/>
                        <entry key="INDEX" value="xslt:META-INF/olympus_tirf/OLYMPUS_TIRF-to-index.xslt"/>
                    </util:map>
                </entry>
			</util:map>
		</property>
	</bean>
	
	<bean id="datasetIndexer" class="au.org.intersect.dms.catalogue.db.DatasetIndexer"/>
	
	<oxm:jaxb2-marshaller id="searchUnmarshaller" contextPath="au.org.intersect.dms.integration.search"/>
	
	<bean id="metadataRepository" class="au.org.intersect.dms.catalogue.db.DBRepositoryImpl" />
    
    <bean id="solrIndexFacade" class="au.org.intersect.dms.catalogue.db.SolrIndexFacade"/>
	
    <bean class="org.apache.solr.client.solrj.impl.CommonsHttpSolrServer" id="solrServer">
        <constructor-arg value="${solr.serverUrl}"/>
    </bean>
    
    <task:annotation-driven executor="asyncExecutor" mode="aspectj"/>
    <task:executor id="asyncExecutor" pool-size="${executor.poolSize}"/>
    
    	
	
</beans>
