<assembly xmlns="http://maven.apache.org/plugins/maven-assembly-plugin/assembly/1.1.0" 
  xmlns:xsi="http://www.w3.org/2001/XMLSchema-instance"
  xsi:schemaLocation="http://maven.apache.org/plugins/maven-assembly-plugin/assembly/1.1.0 http://maven.apache.org/xsd/assembly-1.1.0.xsd">
  <id>jar-with-dependencies</id>
  <formats>
    <format>zip</format>
  </formats>
  <includeBaseDirectory>false</includeBaseDirectory>
  <dependencySets>
    <dependencySet>
      <outputDirectory>/${pom.artifactId}-${pom.version}/lib</outputDirectory>
      <useProjectArtifact>true</useProjectArtifact>
      <unpack>false</unpack>
      <scope>runtime</scope>
    </dependencySet>
  </dependencySets>
  <files>
  	<file>
  		<source>src/main/bin/worker</source>
  		<outputDirectory>/${pom.artifactId}-${pom.version}/bin</outputDirectory>
  	</file>
  	<file>
  		<source>src/main/bin/worker-client</source>
  		<outputDirectory>/${pom.artifactId}-${pom.version}/bin</outputDirectory>
  	</file>
  	<file>
  		<source>src/main/lib/log4j.properties</source>
  		<outputDirectory>/${pom.artifactId}-${pom.version}/lib</outputDirectory>
  	</file>
  </files>
</assembly>
