<?xml version="1.0"?>
<!DOCTYPE import-control PUBLIC
    "-//Puppy Crawl//DTD Import Control 1.0//EN"
    "http://www.puppycrawl.com/dtds/import_control_1_0.dtd">

<import-control pkg="au.org.intersect">
    	<subpackage name="json">
    	</subpackage>
	<subpackage name="dms">
			<allow pkg="org.slf4j" />
			<allow pkg="java.util" />
			<allow pkg="java.io" />
			<allow pkg="java.net" />
			<allow pkg="java.lang" />
			<allow pkg="java.text" />
			<allow pkg="org.apache.commons.lang" />
			<allow pkg="org.joda.time" />
            <allow pkg="au.org.intersect.dms.util" />
            <allow pkg="org.antlr.stringtemplate" />         
            
            <subpackage name="util">
                <allow pkg="au.org.intersect.dms.core.domain"/>
                <allow pkg="au.org.intersect.dms.core.service.dto"/>
            </subpackage>
            
            <subpackage name="rifcs">
               <allow pkg="au.org.ands.standards.rif_cs.registryobjects" />
               <subpackage name="impl">
                  <allow pkg="au.org.intersect.dms.rifcs"/>
                  <allow pkg="javax.xml.bind"/>
               </subpackage>
            </subpackage>
			
			<subpackage name="applet">
                <allow pkg="au.org.intersect.dms.applet"/>
    			<allow pkg="java.awt" />
    			<allow pkg="au.org.intersect.dms.applet.domain" />
                <allow pkg="au.org.intersect.dms.core.domain"/>
                <allow pkg="au.org.intersect.dms.tunnel"/>
                <allow pkg="au.org.intersect.json"/>
                <allow pkg="java.security"/>
                <allow pkg="javax.swing"/>
                <allow pkg="au.org.intersect.dms.encrypt" />
                <allow pkg="au.org.intersect.dms.encrypt.impl" />
                <allow pkg="au.org.intersect.dms.encrypt.EncryptionAgent" />
                <allow class="org.springframework.roo.addon.javabean.RooJavaBean" />
                <allow pkg="javax.crypto" />
			</subpackage>
            
            <subpackage name="bookinggw">
                <allow class="org.springframework.roo.addon.javabean.RooJavaBean" />
                <subpackage name="impl">
                    <allow pkg="au.org.intersect.dms.bookinggw" />
                    <allow pkg="java.security" />
                    <allow pkg="org.apache.commons.codec" />
                    <allow class="org.springframework.stereotype.Service" />
                    <allow pkg="org.springframework.transaction.annotation" />
                    <allow pkg="org.springframework.beans.factory.annotation"/>
                    <allow pkg="javax.persistence"/>
                </subpackage>
                <subpackage name="domain">
                    <allow pkg="javax.persistence"/>
                    <allow pkg="org.springframework.roo" />
                </subpackage>
            </subpackage>
            
            <subpackage name="encrypt">
                <subpackage name="impl">
                    <allow pkg="javax.crypto" />
                    <allow pkg="java.security" />
                    <allow pkg="au.org.intersect.dms.encrypt" />
                    <allow pkg="au.org.intersect.dms.tunnel" />
                </subpackage>
            </subpackage>

			<subpackage name="core">
				<allow pkg="au.org.intersect.dms.core" />
				<subpackage name="service">
					<allow pkg="org.apache.camel" />
					<subpackage name="dto">
						<allow class="org.springframework.roo.addon.javabean.RooJavaBean" />
						<allow
							class="org.springframework.roo.addon.serializable.RooSerializable" />
						<allow class="org.springframework.roo.addon.tostring.RooToString" />
						<allow class="de.saxsys.roo.equals.addon.RooEquals" />
					</subpackage>
				</subpackage>
				<subpackage name="catalogue">
					<allow class="org.springframework.roo.addon.javabean.RooJavaBean" />
					<allow class="org.springframework.roo.addon.serializable.RooSerializable" />
					<allow class="org.springframework.roo.addon.tostring.RooToString" />
					<allow class="de.saxsys.roo.equals.addon.RooEquals" />
				</subpackage>
				<subpackage name="domain">
					<allow pkg="au.org.intersect.json" />
					<allow class="org.springframework.roo.addon.javabean.RooJavaBean" />
					<allow class="org.springframework.roo.addon.serializable.RooSerializable" />
					<allow class="org.springframework.roo.addon.tostring.RooToString" />
					<allow class="de.saxsys.roo.equals.addon.RooEquals" />
				</subpackage>
			</subpackage>
			
			<subpackage name="webtunnel">
				<allow pkg="javax.servlet" />
				<allow pkg="javax.servlet.http" />
				<allow pkg="au.org.intersect.dms.tunnel" />
				<allow class="org.springframework.stereotype.Controller" />
				<allow pkg="org.springframework.beans.factory.annotation" />
				<allow pkg="org.springframework.web.bind.annotation" />
				<allow pkg="au.org.intersect.dms.encrypt" />
				<allow pkg="javax.crypto" />
				<allow pkg="java.security" />
			</subpackage>
			
			<subpackage name="tunnel">
				<allow pkg="au.org.intersect.dms.encrypt" />				
			</subpackage>

			<subpackage name="wn">
				<allow pkg="au.org.intersect.dms.wn" />
				<allow pkg="au.org.intersect.dms.core" />
                <allow pkg="au.org.intersect.dms.instrument" />
                <allow pkg="au.org.intersect.dms.encrypt" />
				<allow pkg="org.apache.commons.net" />
				<allow pkg="org.apache.commons.pool" />
				<allow pkg="net.sf.ehcache" />
				<allow pkg="org.springframework.context" />
				<allow pkg="org.springframework.beans" />
				<allow pkg="org.springframework.stereotype" />
				<allow class="java.sql.Timestamp" />
				<subpackage name="impl">
					<allow pkg="org.apache.camel" />
					<allow class="javax.annotation.PostConstruct" />
				</subpackage>
				<subpackage name="integration">
					<allow pkg="org.apache.camel" />
				</subpackage>
				<subpackage name="transports">
					<subpackage name="impl">
						<allow pkg="org.apache.commons.compress.archivers" />
						<allow pkg="org.apache.http" />
						<allow pkg="au.org.intersect.dms.tunnel" />
						<allow pkg="au.org.intersect.dms.encrypt" />
                        <allow pkg="org.apache.commons.io"/>
					</subpackage>
				</subpackage>
			</subpackage>
            
            <subpackage name="catalogue">
                <allow pkg="au.org.intersect.dms.core.catalogue"/>
                <allow class="org.springframework.roo.addon.javabean.RooJavaBean" />
                <allow class="org.springframework.roo.addon.tostring.RooToString" />
                <allow pkg="org.apache.camel" />
                <allow pkg="org.springframework.beans.factory.annotation"/>
                <allow pkg="org.codehaus.jackson.annotate"/>
                <allow pkg="javax.xml"/>
                <allow pkg="org.xml.sax"/>
                <subpackage name="db">
				    <allow pkg="au.org.intersect.dms.catalogue" />
    				<allow pkg="org.springframework.roo" />
    				<allow pkg="javax.persistence" />
    				<allow pkg="au.org.intersect.dms.service" />
    				<allow pkg="org.apache.solr" />
    				<allow pkg="org.springframework.beans.factory.annotation" />
    				<allow pkg="au.org.intersect.dms.integration.search" />
    				<allow pkg="org.springframework.oxm" />
    				<allow pkg="org.springframework.xml.transform" />
    				<allow class="au.org.intersect.dms.integration.MetadataXmlConverter" />
    				<allow class="au.org.intersect.dms.integration.MetadataXmlConverter.Format" />
    				<allow class="au.org.intersect.dms.integration.MetadataXmlConverter.ConversionParams" />
    				<allow class="org.springframework.scheduling.annotation.Async" />
    				<allow pkg="org.springframework.transaction.annotation" />
                </subpackage>
            </subpackage>

			<subpackage name="integration">
				<allow pkg="org.apache.camel" />
				<allow pkg="org.fcrepo" />
				<allow pkg="org.springframework.beans.factory.annotation"/>
				<allow class="au.org.intersect.dms.core.catalogue.MetadataSchema"/>
			</subpackage>
			
			<subpackage name="workerrouter">
				<allow pkg="org.apache.camel" />
				<allow class="au.org.intersect.dms.core.service.WorkerNode" />
				<subpackage name="impl">
					<allow pkg="au.org.intersect.dms.core.service.dto" />
					<allow pkg="au.org.intersect.dms.core.domain" />
					<allow class="org.springframework.roo.addon.javabean.RooJavaBean"/>
					<allow pkg="org.apache.commons.collections"/>
					<allow pkg="au.org.intersect.dms.workerrouter" />
					<allow pkg="org.springframework.beans.factory.annotation" />
				</subpackage>
			</subpackage>

			<subpackage name="service">
				<allow pkg="javax.jms" />
				<allow pkg="au.org.intersect.dms.service" />
				<allow pkg="au.org.intersect.dms.core" />
                <allow pkg="au.org.intersect.dms.catalogue" />
				<allow pkg="org.springframework.beans" />
				<allow pkg="org.springframework.stereotype" />
				<allow pkg="au.org.intersect.dms.bookinggw" />
				<allow pkg="org.springframework.ws" />
				<allow pkg="org.springframework.jms" />
				<allow pkg="org.springframework.context" />
				<allow pkg="org.springframework.roo" />
				<allow pkg="org.springframework.dao" />
				<subpackage name="domain">
					<allow pkg="javax.persistence" />
					<allow pkg="au.org.intersect.dms.util" />
				</subpackage>
				<subpackage name="impl">
					<allow pkg="java.math" />
					<allow pkg="org.apache.camel" />
					<allow pkg="org.fcrepo" />
					<allow pkg="au.org.intersect.dms.util" />
					<allow pkg="au.org.intersect.dms.workerrouter"/>
					<allow pkg="org.springframework.transaction.annotation" />
				</subpackage>
                <subpackage name="email">
                    <allow pkg="org.apache.camel"/>
                </subpackage>
			</subpackage>

			<subpackage name="webapp">
				<allow pkg="au.org.intersect.dms.webapp" />
				<allow pkg="au.org.intersect.dms.core" />
				<allow pkg="au.org.intersect.dms.service" />
                <allow pkg="au.org.intersect.dms.catalogue" />
                <allow pkg="au.org.intersect.dms.encrypt" />
				<allow pkg="javax.servlet" />
				<allow pkg="java.text" />
				<allow pkg="org.springframework.beans" />
				<allow pkg="org.springframework.stereotype" />
				<allow pkg="org.springframework.context" />
				<allow pkg="org.springframework.security" />
				<allow pkg="org.springframework.roo" />
				<allow class="de.saxsys.roo.equals.addon.RooEquals" />
				<allow pkg="org.springframework.web" />
				<allow pkg="org.springframework.ui" />
				<allow pkg="org.springframework.dao" />
				<allow pkg="org.springframework.ws" />
				<allow pkg="org.springframework.util" />
				<allow pkg="java.security" />
				<allow pkg="au.org.intersect.dms.bookinggw" />
				<subpackage name="domain">
					<allow pkg="javax.persistence" />
					<allow pkg="javax.validation" />
				</subpackage>
				<subpackage name="controller">
					<allow class="au.org.intersect.dms.integration.MetadataXmlConverter" />
					<allow class="au.org.intersect.dms.integration.MetadataXmlConverter.Format" />
					<allow class="au.org.intersect.dms.integration.MetadataXmlConverter.ConversionParams" />
					<allow pkg="au.org.intersect.dms.tunnel" />
					<allow pkg="au.org.intersect.dms.util"/>
					<allow pkg="au.org.intersect.dms.integration.search"/>
					<allow pkg="org.springframework.oxm"/>
					<allow pkg="org.springframework.xml.transform"/>
				    <allow pkg="org.springframework.transaction.annotation" />
				    <allow pkg="au.org.ands.standards.rif_cs.registryobjects" />
				    <allow class="au.org.intersect.dms.rifcs.RifcsMarshallService" />
				</subpackage>
				<subpackage name="validation">
					<allow pkg="javax.validation" />
				</subpackage>
                <subpackage name="impl">
                    <allow pkg="org.springframework.transaction.annotation"/>
                </subpackage>
			</subpackage>

			<subpackage name="instrument">
				<allow pkg="javax.persistence" />
				<allow pkg="au.org.intersect.dms.service" />
				<allow pkg="au.org.intersect.dms.core" />
				<allow pkg="au.org.intersect.dms.webapp.domain" />
				<allow pkg="org.springframework.beans" />
				<allow pkg="org.springframework.roo" />
				<allow pkg="java.sql" />
				<allow pkg="org.springframework.jdbc" />
				<allow pkg="org.springframework.transaction.annotation" />
                <allow pkg="org.apache.commons.configuration" />
                <allow pkg="au.org.intersect.dms.instrument.harvester"/>
                <allow pkg="au.org.intersect.dms.bookinggw"/>
                <allow pkg="com.healthmarketscience.jackcess"/>
                <allow pkg="com.drew.imaging"/>
                <allow pkg="com.drew.metadata"/>
                                
                <subpackage name="harvester">
                    <allow pkg="au.org.intersect.dms.instrument"/>
                </subpackage>
                <subpackage name="ingest">
                    <allow pkg="au.org.intersect.dms.instrument.ingest.filewatcher"/>
                    <subpackage name="filewatcher">
                        <allow pkg="org.apache.camel" />
                    </subpackage>
                </subpackage>
			</subpackage>
	</subpackage>
</import-control>

