<?xml version="1.0" encoding="UTF-8"?>
<!DOCTYPE module PUBLIC "-//Puppy Crawl//DTD Check Configuration 1.3//EN" "http://www.puppycrawl.com/dtds/configuration_1_3.dtd">
<!--
    Checkstyle-Configuration: intersect
    Description: none
-->
<module name="Checker">
  <property name="severity" value="error"/>
  
    <!--
        HEADER CHECKS see http://checkstyle.sourceforge.net/config_header.html
    -->
    <module name="Header">
        <property name="headerFile" value="${checkstyle_config_dir}/java.header" />
        <property name="fileExtensions" value="java" />
    </module>
    
  <module name="TreeWalker">
    <property name="tabWidth" value="4"/>
    <module name="FileContentsHolder"/>
    <module name="AnnotationUseStyle"/>
    <module name="MissingDeprecated"/>
    <module name="MissingOverride">
      <property name="javaFiveCompatibility" value="true"/>
    </module>
    <module name="EmptyBlock">
      <property name="option" value="text"/>
    </module>
    <module name="LeftCurly">
      <property name="option" value="nl"/>
    </module>
    <module name="NeedBraces"/>
    <module name="RightCurly">
      <property name="option" value="alone"/>
    </module>
    <module name="AvoidNestedBlocks">
      <property name="allowInSwitchCase" value="true"/>
    </module>
    <module name="VisibilityModifier"/>
    <module name="FinalClass"/>
    <module name="InterfaceIsType"/>
    <module name="MutableException"/>
    <module name="ThrowsCount">
      <property name="max" value="5"/>
    </module>
    <module name="CovariantEquals"/>
    <module name="DoubleCheckedLocking"/>
    <module name="EmptyStatement"/>
    <module name="EqualsAvoidNull"/>
    <module name="EqualsHashCode"/>
    <module name="IllegalInstantiation">
      <property name="classes" value="java.lang.Boolean,java.lang.String"/>
    </module>
    <module name="InnerAssignment"/>
    <module name="MagicNumber"/>
    <module name="MissingSwitchDefault"/>
    <module name="ModifiedControlVariable"/>
    <module name="RedundantThrows">
      <property name="allowUnchecked" value="true"/>
      <property name="logLoadErrors" value="true"/>
      <property name="suppressLoadErrors" value="true"/>
    </module>
    <module name="SimplifyBooleanExpression"/>
    <module name="SimplifyBooleanReturn"/>
    <module name="StringLiteralEquality"/>
    <module name="NestedIfDepth">
      <property name="max" value="2"/>
    </module>
    <module name="NestedTryDepth">
      <property name="max" value="2"/>
    </module>
    <module name="NoClone"/>
    <module name="NoFinalizer"/>
    <module name="IllegalCatch">
      <property name="illegalClassNames" value="java.lang.Exception, java.lang.Throwable, java.lang.RuntimeException, java.lang.NullPointerException"/>
    </module>
    <module name="IllegalThrows">
      <property name="illegalClassNames" value="java.lang.Error, java.lang.RuntimeException, java.lang.Throwable"/>
    </module>
    <module name="PackageDeclaration"/>
    <module name="JUnitTestCase"/>
    <module name="ReturnCount">
      <property name="max" value="4"/>
    </module>
    <module name="IllegalType">
      <property name="ignoredMethodNames" value="getInstance"/>
    </module>
    <module name="DeclarationOrder"/>
    <module name="ParameterAssignment"/>
    <module name="DefaultComesLast"/>
    <module name="FallThrough"/>
    <module name="MultipleStringLiterals">
      <property name="allowedDuplicates" value="2"/>
    </module>
    <module name="MultipleVariableDeclarations"/>
    <module name="UnnecessaryParentheses"/>
    <module name="SuperClone"/>
    <module name="SuperFinalize"/>
    <module name="ExplicitInitialization"/>
    <module name="AvoidStarImport"/>
    <!-- module name="AvoidStaticImport"/ -->
    <module name="RedundantImport"/>
    <module name="UnusedImports"/>
    <module name="ImportOrder">
      <property name="option" value="top"/>
      <property name="groups" value="java,javax,org,net,junit,com,netscape.javascript,au.org,au.org.intersect"/>
      <property name="ordered" value="false"/>
      <property name="separated" value="true"/>
    </module>
    <module name="ImportControl">
      <property name="file" value="${checkstyle_config_dir}/import-control.xml"/>
    </module>
    <module name="BooleanExpressionComplexity"/>
    <module name="ClassDataAbstractionCoupling">
      <property name="max" value="14"/>
    </module>
    <module name="ClassFanOutComplexity"/>
    <module name="CyclomaticComplexity"/>
    <module name="NPathComplexity"/>
    <module name="JavaNCSS"/>
    <module name="UncommentedMain">
      <property name="excludedClasses" value="\.Main$"/>
    </module>
    <module name="UpperEll"/>
    <module name="ArrayTypeStyle"/>
    <module name="Indentation"/>
    <module name="ModifierOrder"/>
    <module name="RedundantModifier">
      <property name="tokens" value="VARIABLE_DEF,ANNOTATION_FIELD_DEF"/>
    </module>
    <module name="ClassTypeParameterName"/>
    <module name="ConstantName"/>
    <module name="LocalFinalVariableName"/>
    <module name="LocalVariableName"/>
    <module name="MemberName"/>
    <module name="MethodName"/>
    <module name="StaticVariableName"/>
    <module name="TypeName"/>
    <module name="MethodTypeParameterName"/>
    <module name="PackageName"/>
    <module name="ParameterName"/>
    <module name="ExecutableStatementCount"/>
    <module name="LineLength">
      <property name="ignorePattern" value="^import .+;$"/>
      <property name="max" value="120"/>
    </module>
    <module name="MethodLength">
      <property name="max" value="100"/>
    </module>
    <module name="AnonInnerLength">
      <property name="max" value="30"/>
    </module>
    <module name="ParameterNumber"/>
    <module name="OuterTypeNumber"/>
    <module name="GenericWhitespace"/>
    <module name="EmptyForInitializerPad"/>
    <module name="EmptyForIteratorPad"/>
    <module name="MethodParamPad"/>
    <module name="NoWhitespaceAfter">
      <property name="tokens" value="ARRAY_INIT,BNOT,DEC,DOT,INC,LNOT,UNARY_MINUS,UNARY_PLUS"/>
    </module>
    <module name="NoWhitespaceBefore"/>
    <module name="OperatorWrap"/>
    <module name="ParenPad"/>
    <module name="TypecastParenPad"/>
    <module name="WhitespaceAfter"/>
    <module name="WhitespaceAround">
      <property name="tokens" value="ASSIGN, BAND, BAND_ASSIGN, BOR, BOR_ASSIGN, BSR, BSR_ASSIGN, BXOR, BXOR_ASSIGN, COLON, DIV, DIV_ASSIGN, EQUAL, GE, GT, LAND, LCURLY, LE, LITERAL_ASSERT, LITERAL_CATCH, LITERAL_DO, LITERAL_ELSE, LITERAL_FINALLY, LITERAL_FOR, LITERAL_IF, LITERAL_RETURN, LITERAL_SYNCHRONIZED, LITERAL_TRY, LITERAL_WHILE, LOR, LT, MINUS, MINUS_ASSIGN, MOD, MOD_ASSIGN, NOT_EQUAL, PLUS, PLUS_ASSIGN, QUESTION, SL, SLIST, SL_ASSIGN, SR, SR_ASSIGN, STAR, STAR_ASSIGN, TYPE_EXTENSION_AND"/>
    </module>
    <module name="JavadocMethod">
      <property name="excludeScope" value="private"/>
      <property name="allowMissingPropertyJavadoc" value="true"/>
    </module>
    <module name="JavadocType"/>
    <module name="JavadocVariable">
      <property name="excludeScope" value="private"/>
    </module>
    <module name="JavadocStyle">
      <property name="checkFirstSentence" value="false"/>
    </module>
  </module>
  <module name="SuppressionFilter">
    <property name="file" value="${checkstyle_config_dir}/project-suppressions.xml"/>
  </module>
  <module name="RegexpMultiline">
    <property name="id" value="consoleOutput"/>
    <property name="format" value="System\.(out)|(err)\.print(ln)?\("/>
    <property name="message" value="System.out/err. should be replaced with logger debugging."/>
  </module>
  <module name="RegexpMultiline">
    <property name="format" value="\.printStackTrace\(\s*\)"/>
    <property name="message" value="printStackTrace directs output to the console and should be replaced with logger debugging."/>
  </module>
  <module name="RegexpMultiline">
    <property name="format" value="^\s+.\s+@param\s+Description of the Parameter"/>
    <property name="message" value="Default parameter description text present in the code.  Replace with meaningful description."/>
  </module>
  <module name="RegexpMultiline">
    <property name="format" value="^\s+.\s+@return\s+Description of the Return Value"/>
    <property name="message" value="Default return value description text present in the code.  Replace with meaningful description."/>
  </module>
  <module name="RegexpMultiline">
    <property name="format" value="((public)|(protected))\s+void\s+finalize\(\s*\)"/>
    <property name="message" value="finalize not allowed"/>
  </module>
  <module name="RegexpMultiline">
    <property name="format" value="(Boolean)\s+(is)[\p{L}\s]*\(\)"/>
    <property name="message" value="Boolean getter method has to match java bean naming convention (eg Boolean getDefault() )."/>
  </module>
  <module name="FileLength">
    <property name="max" value="1000"/>
  </module>
  <module name="FileTabCharacter"/>
  <module name="SuppressionCommentFilter">
    <property name="offCommentFormat" value="TODO CHECKSTYLE-OFF: ([\w\|]+)"/>
    <property name="onCommentFormat" value="CHECKSTYLE-ON: ([\w\|]+)"/>
    <property name="checkFormat" value="$1"/>
  </module>
  <module name="SuppressWithNearbyCommentFilter"/> 
</module>
