<?xml version="1.0"?>

<!DOCTYPE suppressions PUBLIC
    "-//Puppy Crawl//DTD Suppressions 1.1//EN"
    "http://www.puppycrawl.com/dtds/suppressions_1_1.dtd">

<suppressions>
  <!--
    Turn off all checks for Generated and Test code.
  -->

  <!-- Suppressions for test code -->
  <suppress checks="IllegalCatch" files="[/\\]test[/\\]"/>
  <suppress checks="ImportControl" files="[/\\]test[/\\]"/>
  <suppress id="warningCyclomaticComplexity" files="[/\\]test[/\\]"/>
  <suppress checks="MethodLength" files="[/\\]test[/\\]"/>
  <suppress id="warningFileLength" files="[/\\]test[/\\]"/>
  <suppress checks="MethodName" files="[/\\]test[/\\]"/>
  <suppress checks="TypeName" files="[/\\]test[/\\]"/>
  <suppress checks="MagicNumber" files="[/\\]test[/\\]"/>
  <suppress checks="JavadocMethod" files="[/\\]test[/\\]"/>
  <suppress checks="JavadocStyle" files="[/\\]test[/\\]"/>
  <suppress checks="JavadocType" files="[/\\]test[/\\]"/>
  <suppress checks="JavadocVariable" files="[/\\]test[/\\]"/>
  <suppress checks="IllegalThrows" files="[/\\]test[/\\]"/>
  <suppress checks="IllegalInstantiation" files="[/\\]test[/\\]"/>
  <suppress checks="ParameterNumberCheck" files="[/\\]test[/\\]"/>
  <suppress checks="EmptyBlock" files="[/\\]test[/\\]"/>
  <suppress checks="UncommentedMain" files="[/\\]test[/\\]"/>
  <suppress checks="AvoidStarImport" files="[/\\]test[/\\]"/>
  <suppress checks="AvoidStaticImport" files="[/\\]test[/\\]"/>

  <!-- don't check generated code, this to work on Unix (/) and Windows (\) -->
  <suppress checks="." files="target[/\\]"/>
  <!-- End of test code suppressions -->

</suppressions>

